<!-- 
    Safe-Door AI Gateway Policy (Global)
    Author: Upendra Kumar
    Description: This policy implements the "Two Doors" pattern (Public/Private) routing.
-->
<policies>
    <inbound>
        <base />
        <!-- 1. Safety First: Validate Content Safety (Simulated) -->
        <validate-content-safety-simulated />

        <!-- 2. "Two Doors" Routing Logic -->
        <choose>
            <!-- Door 1: PUBLIC (External Customers) -->
            <when condition="@(context.Request.Headers.GetValueOrDefault("X-Channel") == "public")">
                <!-- Limit access to safe models only -->
                <set-backend-service base-url="https://openai-public-instance.azure-api.net" />
                <rate-limit-by-key calls="10" renewal-period="60" counter-key="@(context.Request.IpAddress)" />
            </when>
            
            <!-- Door 2: PRIVATE (Internal Apps) -->
            <when condition="@(context.Request.Headers.GetValueOrDefault("X-Channel") == "private")">
                <!-- Full access, audit logging enabled -->
                <set-backend-service base-url="https://openai-private-instance.azure-api.net" />
                <log-to-eventhub logger-id="audit-logs">
                    @{
                        return new JObject(
                            new JProperty("user", context.User.Id),
                            new JProperty("prompt_tokens", context.Request.Body.As<JObject>()["usage"]["prompt_tokens"])
                        ).ToString();
                    }
                </log-to-eventhub>
            </when>

            <!-- Default: Deny Unknown Doors -->
            <otherwise>
                <return-response>
                    <set-status code="403" reason="Forbidden" />
                    <set-body>Blocked: Unknown Channel</set-body>
                </return-response>
            </otherwise>
        </choose>
    </inbound>
    <backend>
        <base />
    </backend>
    <outbound>
        <base />
    </outbound>
    <on-error>
        <base />
    </on-error>
</policies>
